domain,mcp_server_url,auth
1-d.xyz,https://mcp.1-d.xyz/mcp,oauth
18rus.ru,https://mcp.18rus.ru/mcp,oauth
1mg.com,https://mcp.1mg.com/mcp,oauth
360dialog.com,https://mcp.360dialog.com/mcp,oauth
4me.com,https://mcp.4me.com/mcp,oauth
58pic.com,https://mcp.58pic.com/mcp,oauth
750words.com,https://mcp.750words.com/mcp,oauth
abclegal.com,https://mcp.abclegal.com/mcp,oauth
abela.io,https://mcp.abela.io/mcp,oauth
abundolive.se,https://mcp.abundolive.se/mcp,oauth
acoustic-adm.com,https://mcp.acoustic-adm.com/mcp,oauth
adquick.com,https://mcp.adquick.com/mcp,oauth
adscale.com,https://mcp.adscale.com/mcp,oauth
adthena.com,https://mcp.adthena.com/mcp,oauth
advally.com,https://mcp.advally.com/mcp,oauth
adzen.ai,https://mcp.adzen.ai/mcp,oauth
affinda.com,https://mcp.affinda.com/mcp,oauth
affinity.co,https://mcp.affinity.co/mcp,oauth
aftersell.app,https://mcp.aftersell.app/mcp,oauth
agent.ai,https://mcp.agent.ai/mcp,oauth
agentmail.to,https://mcp.agentmail.to/mcp,oauth
agi7.ai,https://mcp.agi7.ai/mcp,oauth
agicap.com,https://mcp.agicap.com/mcp,oauth
ahaslides.com,https://mcp.ahaslides.com/mcp,oauth
ai-stv.ru,https://mcp.ai-stv.ru/mcp,oauth
airbridge.io,https://mcp.airbridge.io/mcp,oauth
airpay.co.in,https://mcp.airpay.co.in/mcp,oauth
airtable.com,https://mcp.airtable.com/mcp,oauth
airtasker.com,https://mcp.airtasker.com/mcp,oauth
airthings.com,https://mcp.airthings.com/mcp,oauth
akiflow.com,https://mcp.akiflow.com/mcp,oauth
alasco.de,https://mcp.alasco.de/mcp,oauth
alchemy.com,https://mcp.alchemy.com/mcp,oauth
algoapp.ai,https://mcp.algoapp.ai/mcp,oauth
algolia.com,https://mcp.algolia.com/mcp,oauth
allunite.com,https://mcp.allunite.com/mcp,oauth
alphavantage.co,https://mcp.alphavantage.co/mcp,oauth
altindex.com,https://mcp.altindex.com/mcp,oauth
altrady.com,https://mcp.altrady.com/mcp,oauth
ami-gestion.fr,https://mcp.ami-gestion.fr/mcp,oauth
amperity.com,https://mcp.amperity.com/mcp,oauth
amplemarket.com,https://mcp.amplemarket.com/mcp,oauth
amplitude.com,https://mcp.amplitude.com/mcp,oauth
antler.co,https://mcp.antler.co/mcp,oauth
anzenna.ai,https://mcp.anzenna.ai/mcp,oauth
apaleo.com,https://mcp.apaleo.com/mcp,oauth
apicbase.com,https://mcp.apicbase.com/mcp,oauth
apiiro.com,https://mcp.apiiro.com/mcp,oauth
apollo.io,https://mcp.apollo.io/mcp,oauth
appcues.com,https://mcp.appcues.com/mcp,oauth
applicaa.com,https://mcp.applicaa.com/mcp,oauth
arcade.software,https://mcp.arcade.software/mcp,oauth
arcadis.com,https://mcp.arcadis.com/mcp,oauth
are.na,https://mcp.are.na/mcp,oauth
artblocks.io,https://mcp.artblocks.io/mcp,oauth
artemis.ai,https://mcp.artemis.ai/mcp,oauth
artie.com,https://mcp.artie.com/mcp,oauth
asana.com,https://mcp.asana.com/mcp,oauth
ashbyhq.com,https://mcp.ashbyhq.com/mcp,oauth
ask-ai.co,https://mcp.ask-ai.co/mcp,oauth
assignr.com,https://mcp.assignr.com/mcp,oauth
asteroid.ai,https://mcp.asteroid.ai/mcp,oauth
attio.com,https://mcp.attio.com/mcp,oauth
attributionapp.com,https://mcp.attributionapp.com/mcp,oauth
autohausplattform.de,https://mcp.autohausplattform.de/mcp,oauth
autoit.dk,https://mcp.autoit.dk/mcp,oauth
auxilium.online,https://mcp.auxilium.online/mcp,oauth
avaza.com,https://mcp.avaza.com/mcp,oauth
avncloud.com,https://mcp.avncloud.com/mcp,oauth
avo.app,https://mcp.avo.app/mcp,oauth
avoma.com,https://mcp.avoma.com/mcp,oauth
aweber.com,https://mcp.aweber.com/mcp,oauth
awhy.it,https://mcp.awhy.it/mcp,oauth
axiom.co,https://mcp.axiom.co/mcp,oauth
axioshq.com,https://mcp.axioshq.com/mcp,oauth
backstory.ai,https://mcp.backstory.ai/mcp,oauth
badgermapping.com,https://mcp.badgermapping.com/mcp,oauth
bajajbroking.in,https://mcp.bajajbroking.in/mcp,oauth
banno-production.com,https://mcp.banno-production.com/mcp,oauth
base.org,https://mcp.base.org/mcp,oauth
beeceptor.com,https://mcp.beeceptor.com/mcp,oauth
beehiiv.com,https://mcp.beehiiv.com/mcp,oauth
benchmarkminerals.com,https://mcp.benchmarkminerals.com/mcp,oauth
bergspezl.at,https://mcp.bergspezl.at/mcp,oauth
betterbugs.io,https://mcp.betterbugs.io/mcp,oauth
betterup.co,https://mcp.betterup.co/mcp,oauth
beusable.net,https://mcp.beusable.net/mcp,oauth
bico.su,https://mcp.bico.su/mcp,oauth
bidprime.com,https://mcp.bidprime.com/mcp,oauth
bigdata.com,https://mcp.bigdata.com/mcp,oauth
billygrace.com,https://mcp.billygrace.com/mcp,oauth
binclusive.io,https://mcp.binclusive.io/mcp,oauth
bitmovin.com,https://mcp.bitmovin.com/mcp,oauth
bitpanda.com,https://mcp.bitpanda.com/mcp,oauth
bitquery.io,https://mcp.bitquery.io/mcp,oauth
blend-ai.com,https://mcp.blend-ai.com/mcp,oauth
bling.com.br,https://mcp.bling.com.br/mcp,oauth
blotato.com,https://mcp.blotato.com/mcp,oauth
bndlapi.com,https://mcp.bndlapi.com/mcp,oauth
boldsign.com,https://mcp.boldsign.com/mcp,oauth
boom.nl,https://mcp.boom.nl/mcp,oauth
boompop.com,https://mcp.boompop.com/mcp,oauth
boords.com,https://mcp.boords.com/mcp,oauth
boost.space,https://mcp.boost.space/mcp,oauth
bounce.com,https://mcp.bounce.com/mcp,oauth
box.com,https://mcp.box.com/mcp,oauth
branch.co,https://mcp.branch.co/mcp,oauth
brevo.tech,https://mcp.brevo.tech/mcp,oauth
brightcrowd.com,https://mcp.brightcrowd.com/mcp,oauth
brightedge.com,https://mcp.brightedge.com/mcp,oauth
brightidea.com,https://mcp.brightidea.com/mcp,oauth
brightmls.com,https://mcp.brightmls.com/mcp,oauth
browserless.io,https://mcp.browserless.io/mcp,oauth
browserstack.com,https://mcp.browserstack.com/mcp,oauth
brucetec.com,https://mcp.brucetec.com/mcp,oauth
brusnika.ru,https://mcp.brusnika.ru/mcp,oauth
buffer.com,https://mcp.buffer.com/mcp,oauth
bugherd.com,https://mcp.bugherd.com/mcp,oauth
buhochile.com,https://mcp.buhochile.com/mcp,oauth
buildbetter.app,https://mcp.buildbetter.app/mcp,oauth
buildfire.com,https://mcp.buildfire.com/mcp,oauth
buildkite.com,https://mcp.buildkite.com/mcp,oauth
buildwithion.com,https://mcp.buildwithion.com/mcp,oauth
buser.com.br,https://mcp.buser.com.br/mcp,oauth
cablesandkits.com,https://mcp.cablesandkits.com/mcp,oauth
caisgroup.com,https://mcp.caisgroup.com/mcp,oauth
cal.com,https://mcp.cal.com/mcp,oauth
calculator-online.net,https://mcp.calculator-online.net/mcp,oauth
calo.app,https://mcp.calo.app/mcp,oauth
campcation.com,https://mcp.campcation.com/mcp,oauth
candid.org,https://mcp.candid.org/mcp,oauth
canopyprotect.com,https://mcp.canopyprotect.com/mcp,oauth
canva-dev.com,https://mcp.canva-dev.com/mcp,oauth
canva.cn,https://mcp.canva.cn/mcp,oauth
canva.com,https://mcp.canva.com/mcp,oauth
canva.xyz,https://mcp.canva.xyz/mcp,oauth
capchase.com,https://mcp.capchase.com/mcp,oauth
capsule.video,https://mcp.capsule.video/mcp,oauth
car.org,https://mcp.car.org/mcp,oauth
carbondesignsystem.com,https://mcp.carbondesignsystem.com/mcp,oauth
cardpointers.com,https://mcp.cardpointers.com/mcp,oauth
cartgenie.com,https://mcp.cartgenie.com/mcp,oauth
cashfree.com,https://mcp.cashfree.com/mcp,oauth
caspio.com,https://mcp.caspio.com/mcp,oauth
catsy.com,https://mcp.catsy.com/mcp,oauth
centrical.me,https://mcp.centrical.me/mcp,oauth
cepra.de,https://mcp.cepra.de/mcp,oauth
cevoid.com,https://mcp.cevoid.com/mcp,oauth
chainels.com,https://mcp.chainels.com/mcp,oauth
characterai.dev,https://mcp.characterai.dev/mcp,oauth
chargebee.com,https://mcp.chargebee.com/mcp,oauth
checkin.no,https://mcp.checkin.no/mcp,oauth
chipp.ai,https://mcp.chipp.ai/mcp,oauth
chisellabs.com,https://mcp.chisellabs.com/mcp,oauth
chowdeck.com,https://mcp.chowdeck.com/mcp,oauth
chzbrgr.io,https://mcp.chzbrgr.io/mcp,oauth
civils.ai,https://mcp.civils.ai/mcp,oauth
clappia.com,https://mcp.clappia.com/mcp,oauth
clarity.ai,https://mcp.clarity.ai/mcp,oauth
classdojo.com,https://mcp.classdojo.com/mcp,oauth
classe365.com,https://mcp.classe365.com/mcp,oauth
clazar.io,https://mcp.clazar.io/mcp,oauth
clbk.app,https://mcp.clbk.app/mcp,oauth
cleartrip.com,https://mcp.cleartrip.com/mcp,oauth
cleo.com,https://mcp.cleo.com/mcp,oauth
clickup-qa.com,https://mcp.clickup-qa.com/mcp,oauth
clickup-stg.com,https://mcp.clickup-stg.com/mcp,oauth
clickup.com,https://mcp.clickup.com/mcp,oauth
climbfinder.com,https://mcp.climbfinder.com/mcp,oauth
clootrack.com,https://mcp.clootrack.com/mcp,oauth
close.com,https://mcp.close.com/mcp,oauth
cloudflare-internal.com,https://mcp.cloudflare-internal.com/mcp,oauth
cloudflare.com,https://mcp.cloudflare.com/mcp,oauth
cloudlift.app,https://mcp.cloudlift.app/mcp,oauth
cloudways.com,https://mcp.cloudways.com/mcp,oauth
clubright.co.uk,https://mcp.clubright.co.uk/mcp,oauth
coastapp.com,https://mcp.coastapp.com/mcp,oauth
cognitoforms.com,https://mcp.cognitoforms.com/mcp,oauth
coindesk.com,https://mcp.coindesk.com/mcp,oauth
coinpoker.ai,https://mcp.coinpoker.ai/mcp,oauth
coinstats.app,https://mcp.coinstats.app/mcp,oauth
collabis.ru,https://mcp.collabis.ru/mcp,oauth
commonroom.io,https://mcp.commonroom.io/mcp,oauth
competitor.com,https://mcp.competitor.com/mcp,oauth
compliancehcm.com.br,https://mcp.compliancehcm.com.br/mcp,oauth
comscore.com,https://mcp.comscore.com/mcp,oauth
conceptualcms.com,https://mcp.conceptualcms.com/mcp,oauth
concord.app,https://mcp.concord.app/mcp,oauth
conperience.net,https://mcp.conperience.net/mcp,oauth
consensus.app,https://mcp.consensus.app/mcp,oauth
contasimples.com,https://mcp.contasimples.com/mcp,oauth
contentful.com,https://mcp.contentful.com/mcp,oauth
context7.com,https://mcp.context7.com/mcp,oauth
conversion.ai,https://mcp.conversion.ai/mcp,oauth
convex.dev,https://mcp.convex.dev/mcp,oauth
conveyor.com,https://mcp.conveyor.com/mcp,oauth
conviva.com,https://mcp.conviva.com/mcp,oauth
copilot.money,https://mcp.copilot.money/mcp,oauth
coreit.se,https://mcp.coreit.se/mcp,oauth
coros.com,https://mcp.coros.com/mcp,oauth
cospirit.com,https://mcp.cospirit.com/mcp,oauth
cotality.com,https://mcp.cotality.com/mcp,oauth
coupler.io,https://mcp.coupler.io/mcp,oauth
couriermanager.eu,https://mcp.couriermanager.eu/mcp,oauth
coverr.co,https://mcp.coverr.co/mcp,oauth
creativeforce.io,https://mcp.creativeforce.io/mcp,oauth
criteo.com,https://mcp.criteo.com/mcp,oauth
crol.mx,https://mcp.crol.mx/mcp,oauth
crunchbase.com,https://mcp.crunchbase.com/mcp,oauth
crustdata.com,https://mcp.crustdata.com/mcp,oauth
cryptact.com,https://mcp.cryptact.com/mcp,oauth
cryptoquant.com,https://mcp.cryptoquant.com/mcp,oauth
cuballama.com,https://mcp.cuballama.com/mcp,oauth
cuemath.com,https://mcp.cuemath.com/mcp,oauth
curate.co,https://mcp.curate.co/mcp,oauth
curri.com,https://mcp.curri.com/mcp,oauth
customer.io,https://mcp.customer.io/mcp,oauth
cuure.com,https://mcp.cuure.com/mcp,oauth
cypress.io,https://mcp.cypress.io/mcp,oauth
daloopa.com,https://mcp.daloopa.com/mcp,oauth
dana.id,https://mcp.dana.id/mcp,oauth
danelfin.com,https://mcp.danelfin.com/mcp,oauth
dartai.com,https://mcp.dartai.com/mcp,oauth
databox.com,https://mcp.databox.com/mcp,oauth
datadome.co,https://mcp.datadome.co/mcp,oauth
dataforseo.com,https://mcp.dataforseo.com/mcp,oauth
datahub.com,https://mcp.datahub.com/mcp,oauth
datarails.com,https://mcp.datarails.com/mcp,oauth
ddns.net,https://mcp.ddns.net/mcp,oauth
dealmachine.com,https://mcp.dealmachine.com/mcp,oauth
dealroom.co,https://mcp.dealroom.co/mcp,oauth
dealroom.io,https://mcp.dealroom.io/mcp,oauth
deepsource.com,https://mcp.deepsource.com/mcp,oauth
defillama.com,https://mcp.defillama.com/mcp,oauth
delogue.com,https://mcp.delogue.com/mcp,oauth
demodesk.com,https://mcp.demodesk.com/mcp,oauth
demostack.com,https://mcp.demostack.com/mcp,oauth
desidime.com,https://mcp.desidime.com/mcp,oauth
detectify.com,https://mcp.detectify.com/mcp,oauth
determ.com,https://mcp.determ.com/mcp,oauth
dev5s.com,https://mcp.dev5s.com/mcp,oauth
devcycle.com,https://mcp.devcycle.com/mcp,oauth
digi-keys.ru,https://mcp.digi-keys.ru/mcp,oauth
digitalphotogallery.com,https://mcp.digitalphotogallery.com/mcp,oauth
digitalpolicyalert.org,https://mcp.digitalpolicyalert.org/mcp,oauth
digitalsamba.com,https://mcp.digitalsamba.com/mcp,oauth
directify.app,https://mcp.directify.app/mcp,oauth
dirtsstore.com,https://mcp.dirtsstore.com/mcp,oauth
dispatchit.com,https://mcp.dispatchit.com/mcp,oauth
disqo.com,https://mcp.disqo.com/mcp,oauth
dobartek.hr,https://mcp.dobartek.hr/mcp,oauth
docbase.io,https://mcp.docbase.io/mcp,oauth
document360.io,https://mcp.document360.io/mcp,oauth
documentolog.kz,https://mcp.documentolog.kz/mcp,oauth
dodopayments.com,https://mcp.dodopayments.com/mcp,oauth
doit.com,https://mcp.doit.com/mcp,oauth
doktorsitesi.com,https://mcp.doktorsitesi.com/mcp,oauth
domotz.co,https://mcp.domotz.co/mcp,oauth
domotz.com,https://mcp.domotz.com/mcp,oauth
dooray.com,https://mcp.dooray.com/mcp,oauth
doubleverify.com,https://mcp.doubleverify.com/mcp,oauth
draeger-data.com,https://mcp.draeger-data.com/mcp,oauth
dremio.cloud,https://mcp.dremio.cloud/mcp,oauth
dronedeploy.com,https://mcp.dronedeploy.com/mcp,oauth
droners.io,https://mcp.droners.io/mcp,oauth
dropbox.com,https://mcp.dropbox.com/mcp,oauth
drugbank.com,https://mcp.drugbank.com/mcp,oauth
druryhotels.com,https://mcp.druryhotels.com/mcp,oauth
duda.co,https://mcp.duda.co/mcp,oauth
dukascopy.com,https://mcp.dukascopy.com/mcp,oauth
dutchvalleyfoods.com,https://mcp.dutchvalleyfoods.com/mcp,oauth
dxbx.ru,https://mcp.dxbx.ru/mcp,oauth
dynadot.com,https://mcp.dynadot.com/mcp,oauth
e-comet.io,https://mcp.e-comet.io/mcp,oauth
easydmarc.com,https://mcp.easydmarc.com/mcp,oauth
easyship.com,https://mcp.easyship.com/mcp,oauth
easyweek.io,https://mcp.easyweek.io/mcp,oauth
edgetag.io,https://mcp.edgetag.io/mcp,oauth
edgetier.com,https://mcp.edgetier.com/mcp,oauth
egrow.com,https://mcp.egrow.com/mcp,oauth
eka.care,https://mcp.eka.care/mcp,oauth
elementaltv.io,https://mcp.elementaltv.io/mcp,oauth
elmah.io,https://mcp.elmah.io/mcp,oauth
emaillove.com,https://mcp.emaillove.com/mcp,oauth
empeo.com,https://mcp.empeo.com/mcp,oauth
enapter.com,https://mcp.enapter.com/mcp,oauth
energyaspects.com,https://mcp.energyaspects.com/mcp,oauth
enigma.com,https://mcp.enigma.com/mcp,oauth
enlyft.com,https://mcp.enlyft.com/mcp,oauth
entryx.io,https://mcp.entryx.io/mcp,oauth
envato-staging.com,https://mcp.envato-staging.com/mcp,oauth
envoy.com,https://mcp.envoy.com/mcp,oauth
eot.pl,https://mcp.eot.pl/mcp,oauth
epam.com,https://mcp.epam.com/mcp,oauth
epcvip.com,https://mcp.epcvip.com/mcp,oauth
escape.tech,https://mcp.escape.tech/mcp,oauth
eskimi.com,https://mcp.eskimi.com/mcp,oauth
espm.br,https://mcp.espm.br/mcp,oauth
estarter.co,https://mcp.estarter.co/mcp,oauth
esw.com,https://mcp.esw.com/mcp,oauth
etermax.com,https://mcp.etermax.com/mcp,oauth
eulerapp.com,https://mcp.eulerapp.com/mcp,oauth
exclaimer.net,https://mcp.exclaimer.net/mcp,oauth
explorium.ai,https://mcp.explorium.ai/mcp,oauth
expo.dev,https://mcp.expo.dev/mcp,oauth
exportcomments.com,https://mcp.exportcomments.com/mcp,oauth
extole.com,https://mcp.extole.com/mcp,oauth
eyewa.com,https://mcp.eyewa.com/mcp,oauth
eztexting.com,https://mcp.eztexting.com/mcp,oauth
f5.live,https://mcp.f5.live/mcp,oauth
facilio.com,https://mcp.facilio.com/mcp,oauth
fbot.me,https://mcp.fbot.me/mcp,oauth
feedly.com,https://mcp.feedly.com/mcp,oauth
feishu.cn,https://mcp.feishu.cn/mcp,oauth
fibery.io,https://mcp.fibery.io/mcp,oauth
figma-gov.com,https://mcp.figma-gov.com/mcp,oauth
figma.com,https://mcp.figma.com/mcp,oauth
fillout.com,https://mcp.fillout.com/mcp,oauth
findymail.com,https://mcp.findymail.com/mcp,oauth
finout.io,https://mcp.finout.io/mcp,oauth
fintoc.com,https://mcp.fintoc.com/mcp,oauth
finxact.io,https://mcp.finxact.io/mcp,oauth
fireblocks.io,https://mcp.fireblocks.io/mcp,oauth
fireflies.ai,https://mcp.fireflies.ai/mcp,oauth
firstlook.gg,https://mcp.firstlook.gg/mcp,oauth
firstpromoter.com,https://mcp.firstpromoter.com/mcp,oauth
flashbots.net,https://mcp.flashbots.net/mcp,oauth
flexmls.com,https://mcp.flexmls.com/mcp,oauth
flightqueue.com,https://mcp.flightqueue.com/mcp,oauth
flip-chart.ru,https://mcp.flip-chart.ru/mcp,oauth
flipsnack.com,https://mcp.flipsnack.com/mcp,oauth
flixcheck.com,https://mcp.flixcheck.com/mcp,oauth
float.com,https://mcp.float.com/mcp,oauth
flodesk.com,https://mcp.flodesk.com/mcp,oauth
flora.ai,https://mcp.flora.ai/mcp,oauth
flowcode.com,https://mcp.flowcode.com/mcp,oauth
flypgs.com,https://mcp.flypgs.com/mcp,oauth
flywheel-publishing.com,https://mcp.flywheel-publishing.com/mcp,oauth
formacion.ninja,https://mcp.formacion.ninja/mcp,oauth
formester.com,https://mcp.formester.com/mcp,oauth
forter.com,https://mcp.forter.com/mcp,oauth
fpjs.io,https://mcp.fpjs.io/mcp,oauth
frame.io,https://mcp.frame.io/mcp,oauth
freee.co.jp,https://mcp.freee.co.jp/mcp,oauth
freelo.io,https://mcp.freelo.io/mcp,oauth
freshcmdb.com,https://mcp.freshcmdb.com/mcp,oauth
freshdesk.com,https://mcp.freshdesk.com/mcp,oauth
freshservice.com,https://mcp.freshservice.com/mcp,oauth
frontapp.com,https://mcp.frontapp.com/mcp,oauth
fullenrich.com,https://mcp.fullenrich.com/mcp,oauth
fusedeck.net,https://mcp.fusedeck.net/mcp,oauth
futuresearch.ai,https://mcp.futuresearch.ai/mcp,oauth
fxinside.net,https://mcp.fxinside.net/mcp,oauth
fyxer.com,https://mcp.fyxer.com/mcp,oauth
g2.com,https://mcp.g2.com/mcp,oauth
galgalim.co.il,https://mcp.galgalim.co.il/mcp,oauth
gameball.co,https://mcp.gameball.co/mcp,oauth
gamma.app,https://mcp.gamma.app/mcp,oauth
gatsby.events,https://mcp.gatsby.events/mcp,oauth
gcaa.gov.ae,https://mcp.gcaa.gov.ae/mcp,oauth
geekbot.com,https://mcp.geekbot.com/mcp,oauth
genialcare.com.br,https://mcp.genialcare.com.br/mcp,oauth
genially.com,https://mcp.genially.com/mcp,oauth
geocapture.net,https://mcp.geocapture.net/mcp,oauth
geocod.io,https://mcp.geocod.io/mcp,oauth
geopoll.com,https://mcp.geopoll.com/mcp,oauth
getmagical.io,https://mcp.getmagical.io/mcp,oauth
getmontecarlo.com,https://mcp.getmontecarlo.com/mcp,oauth
getredo.com,https://mcp.getredo.com/mcp,oauth
getsales.io,https://mcp.getsales.io/mcp,oauth
getseam.ai,https://mcp.getseam.ai/mcp,oauth
gettransfer.com,https://mcp.gettransfer.com/mcp,oauth
glade.ai,https://mcp.glade.ai/mcp,oauth
gleap.io,https://mcp.gleap.io/mcp,oauth
glideapps.com,https://mcp.glideapps.com/mcp,oauth
globaldata.com,https://mcp.globaldata.com/mcp,oauth
globaldatabase.com,https://mcp.globaldatabase.com/mcp,oauth
globaltradealert.org,https://mcp.globaltradealert.org/mcp,oauth
gmx.net,https://mcp.gmx.net/mcp,oauth
go1.com,https://mcp.go1.com/mcp,oauth
gocanopy.io,https://mcp.gocanopy.io/mcp,oauth
gocardless-staging.io,https://mcp.gocardless-staging.io/mcp,oauth
gocardless.com,https://mcp.gocardless.com/mcp,oauth
goconsensus.com,https://mcp.goconsensus.com/mcp,oauth
godquotes.com,https://mcp.godquotes.com/mcp,oauth
goentri.com,https://mcp.goentri.com/mcp,oauth
goflink.com,https://mcp.goflink.com/mcp,oauth
gong.io,https://mcp.gong.io/mcp,oauth
gorgias.com,https://mcp.gorgias.com/mcp,oauth
gosearch.ai,https://mcp.gosearch.ai/mcp,oauth
gotab.io,https://mcp.gotab.io/mcp,oauth
gothru.co,https://mcp.gothru.co/mcp,oauth
goveda.com,https://mcp.goveda.com/mcp,oauth
gpkcloud.com.au,https://mcp.gpkcloud.com.au/mcp,oauth
gracehill.com,https://mcp.gracehill.com/mcp,oauth
gracehillvision.com,https://mcp.gracehillvision.com/mcp,oauth
grafana.com,https://mcp.grafana.com/mcp,oauth
granola.ai,https://mcp.granola.ai/mcp,oauth
green-api.com,https://mcp.green-api.com/mcp,oauth
grove.co,https://mcp.grove.co/mcp,oauth
growhouse.co,https://mcp.growhouse.co/mcp,oauth
gtlaw.com.au,https://mcp.gtlaw.com.au/mcp,oauth
guppy.cloud,https://mcp.guppy.cloud/mcp,oauth
gurkerl.at,https://mcp.gurkerl.at/mcp,oauth
habitify.me,https://mcp.habitify.me/mcp,oauth
hackle.io,https://mcp.hackle.io/mcp,oauth
hadrian.io,https://mcp.hadrian.io/mcp,oauth
haileyhr.app,https://mcp.haileyhr.app/mcp,oauth
haloai.co.id,https://mcp.haloai.co.id/mcp,oauth
handelsblatt.com,https://mcp.handelsblatt.com/mcp,oauth
handy.la,https://mcp.handy.la/mcp,oauth
happycog.com,https://mcp.happycog.com/mcp,oauth
haravan.app,https://mcp.haravan.app/mcp,oauth
healthydirections.com,https://mcp.healthydirections.com/mcp,oauth
heatmapcore.com,https://mcp.heatmapcore.com/mcp,oauth
heavybit.com,https://mcp.heavybit.com/mcp,oauth
hebatec.de,https://mcp.hebatec.de/mcp,oauth
helium10.com,https://mcp.helium10.com/mcp,oauth
hellobonsai.com,https://mcp.hellobonsai.com/mcp,oauth
helpmonks.com,https://mcp.helpmonks.com/mcp,oauth
heroku.com,https://mcp.heroku.com/mcp,oauth
heyflow.com,https://mcp.heyflow.com/mcp,oauth
heymantle.com,https://mcp.heymantle.com/mcp,oauth
heymarvin.com,https://mcp.heymarvin.com/mcp,oauth
higgsfield.ai,https://mcp.higgsfield.ai/mcp,oauth
highspot.com,https://mcp.highspot.com/mcp,oauth
hireez.com,https://mcp.hireez.com/mcp,oauth
hiring.cafe,https://mcp.hiring.cafe/mcp,oauth
hiveinteractive.net,https://mcp.hiveinteractive.net/mcp,oauth
honeycomb.io,https://mcp.honeycomb.io/mcp,oauth
horizzon.cloud,https://mcp.horizzon.cloud/mcp,oauth
hospitable.com,https://mcp.hospitable.com/mcp,oauth
hostex.io,https://mcp.hostex.io/mcp,oauth
hostingb2b.com,https://mcp.hostingb2b.com/mcp,oauth
hri-research.org,https://mcp.hri-research.org/mcp,oauth
hubstaff.com,https://mcp.hubstaff.com/mcp,oauth
humaans.io,https://mcp.humaans.io/mcp,oauth
humanizeaitext.ai,https://mcp.humanizeaitext.ai/mcp,oauth
humuson.com,https://mcp.humuson.com/mcp,oauth
iansresearch.com,https://mcp.iansresearch.com/mcp,oauth
icepanel.io,https://mcp.icepanel.io/mcp,oauth
icisete.fr,https://mcp.icisete.fr/mcp,oauth
icmarkets.com,https://mcp.icmarkets.com/mcp,oauth
idc.com,https://mcp.idc.com/mcp,oauth
idealo.com,https://mcp.idealo.com/mcp,oauth
ideogram.ai,https://mcp.ideogram.ai/mcp,oauth
ignitionapp.com,https://mcp.ignitionapp.com/mcp,oauth
ihamkor.uz,https://mcp.ihamkor.uz/mcp,oauth
imagine.art,https://mcp.imagine.art/mcp,oauth
imart.ge,https://mcp.imart.ge/mcp,oauth
imedidata.com,https://mcp.imedidata.com/mcp,oauth
impact.com,https://mcp.impact.com/mcp,oauth
in-ascanner.com,https://mcp.in-ascanner.com/mcp,oauth
incident.io,https://mcp.incident.io/mcp,oauth
indicaonline.com,https://mcp.indicaonline.com/mcp,oauth
indmoney.com,https://mcp.indmoney.com/mcp,oauth
infakt.pl,https://mcp.infakt.pl/mcp,oauth
inference.net,https://mcp.inference.net/mcp,oauth
infillion.com,https://mcp.infillion.com/mcp,oauth
influx.com,https://mcp.influx.com/mcp,oauth
infosis.tech,https://mcp.infosis.tech/mcp,oauth
infovizion.ru,https://mcp.infovizion.ru/mcp,oauth
insiderscore.com,https://mcp.insiderscore.com/mcp,oauth
insource.co.jp,https://mcp.insource.co.jp/mcp,oauth
inspectionsupport.com,https://mcp.inspectionsupport.com/mcp,oauth
instantdb.com,https://mcp.instantdb.com/mcp,oauth
instantly.ai,https://mcp.instantly.ai/mcp,oauth
intacct.com,https://mcp.intacct.com/mcp,oauth
intercom.com,https://mcp.intercom.com/mcp,oauth
invertironline.com,https://mcp.invertironline.com/mcp,oauth
investnext.com,https://mcp.investnext.com/mcp,oauth
ipos.vn,https://mcp.ipos.vn/mcp,oauth
iproxy.online,https://mcp.iproxy.online/mcp,oauth
itcons.app,https://mcp.itcons.app/mcp,oauth
jam.dev,https://mcp.jam.dev/mcp,oauth
jambase.com,https://mcp.jambase.com/mcp,oauth
jin10.com,https://mcp.jin10.com/mcp,oauth
jinshuju.com,https://mcp.jinshuju.com/mcp,oauth
jinshuju.net,https://mcp.jinshuju.net/mcp,oauth
jiroo.de,https://mcp.jiroo.de/mcp,oauth
joinotto.com,https://mcp.joinotto.com/mcp,oauth
joinswsh.com,https://mcp.joinswsh.com/mcp,oauth
jsj.top,https://mcp.jsj.top/mcp,oauth
juhe.cn,https://mcp.juhe.cn/mcp,oauth
jumpapp.com,https://mcp.jumpapp.com/mcp,oauth
justlife.com,https://mcp.justlife.com/mcp,oauth
kabinhotel.xyz,https://mcp.kabinhotel.xyz/mcp,oauth
kagi.com,https://mcp.kagi.com/mcp,oauth
kahoot.it,https://mcp.kahoot.it/mcp,oauth
kajabi.com,https://mcp.kajabi.com/mcp,oauth
kameleoon.com,https://mcp.kameleoon.com/mcp,oauth
karbonhq.com,https://mcp.karbonhq.com/mcp,oauth
katalon.io,https://mcp.katalon.io/mcp,oauth
kayzen.io,https://mcp.kayzen.io/mcp,oauth
keboola.com,https://mcp.keboola.com/mcp,oauth
keeping.com,https://mcp.keeping.com/mcp,oauth
kenshoo.com,https://mcp.kenshoo.com/mcp,oauth
kertos.io,https://mcp.kertos.io/mcp,oauth
kevel.com,https://mcp.kevel.com/mcp,oauth
keymetrics.io,https://mcp.keymetrics.io/mcp,oauth
keywordseverywhere.com,https://mcp.keywordseverywhere.com/mcp,oauth
kifli.hu,https://mcp.kifli.hu/mcp,oauth
kiosked.com,https://mcp.kiosked.com/mcp,oauth
kit-mail3.com,https://mcp.kit-mail3.com/mcp,oauth
kixie.com,https://mcp.kixie.com/mcp,oauth
klaviyo.com,https://mcp.klaviyo.com/mcp,oauth
klubi.com.br,https://mcp.klubi.com.br/mcp,oauth
knock.app,https://mcp.knock.app/mcp,oauth
knocommerce.com,https://mcp.knocommerce.com/mcp,oauth
knotch.com,https://mcp.knotch.com/mcp,oauth
knuspr.de,https://mcp.knuspr.de/mcp,oauth
konta.com,https://mcp.konta.com/mcp,oauth
kontainer.com,https://mcp.kontainer.com/mcp,oauth
kotzilla.io,https://mcp.kotzilla.io/mcp,oauth
krisp.ai,https://mcp.krisp.ai/mcp,oauth
kubit.ai,https://mcp.kubit.ai/mcp,oauth
lamapoll.io,https://mcp.lamapoll.io/mcp,oauth
lambdatest.com,https://mcp.lambdatest.com/mcp,oauth
landstack.co.uk,https://mcp.landstack.co.uk/mcp,oauth
lansweeper.com,https://mcp.lansweeper.com/mcp,oauth
larkenterprise.com,https://mcp.larkenterprise.com/mcp,oauth
larkoffice.com,https://mcp.larkoffice.com/mcp,oauth
larksuite.com,https://mcp.larksuite.com/mcp,oauth
lawve.ai,https://mcp.lawve.ai/mcp,oauth
lawvu.com,https://mcp.lawvu.com/mcp,oauth
lead411.com,https://mcp.lead411.com/mcp,oauth
leaddelta.com,https://mcp.leaddelta.com/mcp,oauth
leadiq.com,https://mcp.leadiq.com/mcp,oauth
leadpages.com,https://mcp.leadpages.com/mcp,oauth
lemoncash.io,https://mcp.lemoncash.io/mcp,oauth
letterly.app,https://mcp.letterly.app/mcp,oauth
levitate.ai,https://mcp.levitate.ai/mcp,oauth
lexiang-app.com,https://mcp.lexiang-app.com/mcp,oauth
lexmachina.com,https://mcp.lexmachina.com/mcp,oauth
lf.net,https://mcp.lf.net/mcp,oauth
lhdottie.com,https://mcp.lhdottie.com/mcp,oauth
lickd.co,https://mcp.lickd.co/mcp,oauth
lightfield.app,https://mcp.lightfield.app/mcp,oauth
lightmetrics.co,https://mcp.lightmetrics.co/mcp,oauth
liine.com,https://mcp.liine.com/mcp,oauth
lili.co,https://mcp.lili.co/mcp,oauth
lilt.com,https://mcp.lilt.com/mcp,oauth
lincoin.com,https://mcp.lincoin.com/mcp,oauth
linear.app,https://mcp.linear.app/mcp,oauth
linearb.io,https://mcp.linearb.io/mcp,oauth
linkrunner.io,https://mcp.linkrunner.io/mcp,oauth
linktr.ee,https://mcp.linktr.ee/mcp,oauth
lisroetechnologies.com,https://mcp.lisroetechnologies.com/mcp,oauth
listenlabs.ai,https://mcp.listenlabs.ai/mcp,oauth
littlebird.ai,https://mcp.littlebird.ai/mcp,oauth
liveplan.com,https://mcp.liveplan.com/mcp,oauth
liverpool.no,https://mcp.liverpool.no/mcp,oauth
loadshare.net,https://mcp.loadshare.net/mcp,oauth
loadsmart.com,https://mcp.loadsmart.com/mcp,oauth
localfalcon.com,https://mcp.localfalcon.com/mcp,oauth
locize.app,https://mcp.locize.app/mcp,oauth
lodgix.com,https://mcp.lodgix.com/mcp,oauth
logrocket.com,https://mcp.logrocket.com/mcp,oauth
logto.io,https://mcp.logto.io/mcp,oauth
lookback.io,https://mcp.lookback.io/mcp,oauth
lovable.dev,https://mcp.lovable.dev/mcp,oauth
lucid.app,https://mcp.lucid.app/mcp,oauth
luminovo.com,https://mcp.luminovo.com/mcp,oauth
lusha.com,https://mcp.lusha.com/mcp,oauth
mabl.com,https://mcp.mabl.com/mcp,oauth
mademarket.co,https://mcp.mademarket.co/mcp,oauth
madgicx.com,https://mcp.madgicx.com/mcp,oauth
maestrolabs.com,https://mcp.maestrolabs.com/mcp,oauth
magicpatterns.com,https://mcp.magicpatterns.com/mcp,oauth
mailchimpsites.com,https://mcp.mailchimpsites.com/mcp,oauth
mailercloud.com,https://mcp.mailercloud.com/mcp,oauth
mailerlite.com,https://mcp.mailerlite.com/mcp,oauth
mailersend.com,https://mcp.mailersend.com/mcp,oauth
maker.co,https://mcp.maker.co/mcp,oauth
manageboard.jp,https://mcp.manageboard.jp/mcp,oauth
mapbox.com,https://mcp.mapbox.com/mcp,oauth
marketxls.com,https://mcp.marketxls.com/mcp,oauth
marq.com,https://mcp.marq.com/mcp,oauth
marqii.com,https://mcp.marqii.com/mcp,oauth
matador.ai,https://mcp.matador.ai/mcp,oauth
materialsmarket.com,https://mcp.materialsmarket.com/mcp,oauth
matrixify.app,https://mcp.matrixify.app/mcp,oauth
maxiagentes.net,https://mcp.maxiagentes.net/mcp,oauth
me-qr.com,https://mcp.me-qr.com/mcp,oauth
measured.com,https://mcp.measured.com/mcp,oauth
med1um.com,https://mcp.med1um.com/mcp,oauth
mediamath.com,https://mcp.mediamath.com/mcp,oauth
mediasix.com,https://mcp.mediasix.com/mcp,oauth
mediusflow.com,https://mcp.mediusflow.com/mcp,oauth
medproctor.com,https://mcp.medproctor.com/mcp,oauth
meetgeek.ai,https://mcp.meetgeek.ai/mcp,oauth
meetjamie.ai,https://mcp.meetjamie.ai/mcp,oauth
meetup.com,https://mcp.meetup.com/mcp,oauth
megaport.com,https://mcp.megaport.com/mcp,oauth
meikai.ai,https://mcp.meikai.ai/mcp,oauth
meisterlabs.com,https://mcp.meisterlabs.com/mcp,oauth
meistertask.com,https://mcp.meistertask.com/mcp,oauth
mellow.io,https://mcp.mellow.io/mcp,oauth
mem.ai,https://mcp.mem.ai/mcp,oauth
memberspot.de,https://mcp.memberspot.de/mcp,oauth
mercari.jp,https://mcp.mercari.jp/mcp,oauth
merchantspring.io,https://mcp.merchantspring.io/mcp,oauth
merchtable.com,https://mcp.merchtable.com/mcp,oauth
mercury.com,https://mcp.mercury.com/mcp,oauth
messari.io,https://mcp.messari.io/mcp,oauth
metaview.ai,https://mcp.metaview.ai/mcp,oauth
meteomatics.com,https://mcp.meteomatics.com/mcp,oauth
micromerce.com,https://mcp.micromerce.com/mcp,oauth
mida.so,https://mcp.mida.so/mcp,oauth
middesk.com,https://mcp.middesk.com/mcp,oauth
midjourney.com,https://mcp.midjourney.com/mcp,oauth
migrosone.com,https://mcp.migrosone.com/mcp,oauth
mihcm.com,https://mcp.mihcm.com/mcp,oauth
mikecrm.com,https://mcp.mikecrm.com/mcp,oauth
milemaker.com,https://mcp.milemaker.com/mcp,oauth
millistream.com,https://mcp.millistream.com/mcp,oauth
mindmeister.com,https://mcp.mindmeister.com/mcp,oauth
mindtickle.com,https://mcp.mindtickle.com/mcp,oauth
minhaseconomias.com.br,https://mcp.minhaseconomias.com.br/mcp,oauth
minicounsel.ca,https://mcp.minicounsel.ca/mcp,oauth
minicoursegenerator.com,https://mcp.minicoursegenerator.com/mcp,oauth
minicrm.hu,https://mcp.minicrm.hu/mcp,oauth
minicrm.io,https://mcp.minicrm.io/mcp,oauth
minicrm.ro,https://mcp.minicrm.ro/mcp,oauth
mintlify.com,https://mcp.mintlify.com/mcp,oauth
miro.com,https://mcp.miro.com/mcp,oauth
mittwald.de,https://mcp.mittwald.de/mcp,oauth
mixmax.com,https://mcp.mixmax.com/mcp,oauth
mixpanel.com,https://mcp.mixpanel.com/mcp,oauth
mmasucka.com,https://mcp.mmasucka.com/mcp,oauth
mobile-text-alerts.com,https://mcp.mobile-text-alerts.com/mcp,oauth
mobilefieldreport.com,https://mcp.mobilefieldreport.com/mcp,oauth
mockuuups.studio,https://mcp.mockuuups.studio/mcp,oauth
moda.app,https://mcp.moda.app/mcp,oauth
modoenergy.com,https://mcp.modoenergy.com/mcp,oauth
moengage.com,https://mcp.moengage.com/mcp,oauth
monday.com,https://mcp.monday.com/mcp,oauth
mondaystaging.com,https://mcp.mondaystaging.com/mcp,oauth
moonly.app,https://mcp.moonly.app/mcp,oauth
moonpaycloud.com,https://mcp.moonpaycloud.com/mcp,oauth
morgans.com.au,https://mcp.morgans.com.au/mcp,oauth
morningscore.io,https://mcp.morningscore.io/mcp,oauth
morningstar.com,https://mcp.morningstar.com/mcp,oauth
motivosity.com,https://mcp.motivosity.com/mcp,oauth
motra.com,https://mcp.motra.com/mcp,oauth
mrscraper.com,https://mcp.mrscraper.com/mcp,oauth
multitracks.com,https://mcp.multitracks.com/mcp,oauth
mutual.app,https://mcp.mutual.app/mcp,oauth
muumuu-domain.com,https://mcp.muumuu-domain.com/mcp,oauth
mycourseville.com,https://mcp.mycourseville.com/mcp,oauth
mydevices.com,https://mcp.mydevices.com/mcp,oauth
mygivingcircle.org,https://mcp.mygivingcircle.org/mcp,oauth
myjetbrains.com,https://mcp.myjetbrains.com/mcp,oauth
mynewsdesk.dev,https://mcp.mynewsdesk.dev/mcp,oauth
mypips.app,https://mcp.mypips.app/mcp,oauth
myrenta.com,https://mcp.myrenta.com/mcp,oauth
mywarhammer.com,https://mcp.mywarhammer.com/mcp,oauth
namepros.com,https://mcp.namepros.com/mcp,oauth
nanonets.com,https://mcp.nanonets.com/mcp,oauth
napta.io,https://mcp.napta.io/mcp,oauth
narrative.io,https://mcp.narrative.io/mcp,oauth
nativo.com,https://mcp.nativo.com/mcp,oauth
navan.com,https://mcp.navan.com/mcp,oauth
neodoc.es,https://mcp.neodoc.es/mcp,oauth
neon.tech,https://mcp.neon.tech/mcp,oauth
netradyne.com,https://mcp.netradyne.com/mcp,oauth
newrelic.com,https://mcp.newrelic.com/mcp,oauth
newsblur.com,https://mcp.newsblur.com/mcp,oauth
newsleopard.com,https://mcp.newsleopard.com/mcp,oauth
nfthing.com,https://mcp.nfthing.com/mcp,oauth
nimbleway.com,https://mcp.nimbleway.com/mcp,oauth
nirvanahq.com,https://mcp.nirvanahq.com/mcp,oauth
nodion.com,https://mcp.nodion.com/mcp,oauth
noibu.com,https://mcp.noibu.com/mcp,oauth
noma.security,https://mcp.noma.security/mcp,oauth
nooks.in,https://mcp.nooks.in/mcp,oauth
noota.io,https://mcp.noota.io/mcp,oauth
norled.no,https://mcp.norled.no/mcp,oauth
notifyvisitors.com,https://mcp.notifyvisitors.com/mcp,oauth
notion.com,https://mcp.notion.com/mcp,oauth
notro.io,https://mcp.notro.io/mcp,oauth
novaescola.org.br,https://mcp.novaescola.org.br/mcp,oauth
noviams.com,https://mcp.noviams.com/mcp,oauth
novopsych.com,https://mcp.novopsych.com/mcp,oauth
nowbuttons.com,https://mcp.nowbuttons.com/mcp,oauth
nvoip.com.br,https://mcp.nvoip.com.br/mcp,oauth
obat.fr,https://mcp.obat.fr/mcp,oauth
obraprimaweb.com.br,https://mcp.obraprimaweb.com.br/mcp,oauth
occtoo.com,https://mcp.occtoo.com/mcp,oauth
olx.in,https://mcp.olx.in/mcp,oauth
omnea.co,https://mcp.omnea.co/mcp,oauth
omnicasa.com,https://mcp.omnicasa.com/mcp,oauth
omnisend.com,https://mcp.omnisend.com/mcp,oauth
oncrawl.com,https://mcp.oncrawl.com/mcp,oauth
oneprep.xyz,https://mcp.oneprep.xyz/mcp,oauth
onkernel.com,https://mcp.onkernel.com/mcp,oauth
onlc.com,https://mcp.onlc.com/mcp,oauth
onlycat.com,https://mcp.onlycat.com/mcp,oauth
onlyoffice.com,https://mcp.onlyoffice.com/mcp,oauth
ontra.ai,https://mcp.ontra.ai/mcp,oauth
open.video,https://mcp.open.video/mcp,oauth
openregister.de,https://mcp.openregister.de/mcp,oauth
opquast.com,https://mcp.opquast.com/mcp,oauth
optimizely.com,https://mcp.optimizely.com/mcp,oauth
optimove.net,https://mcp.optimove.net/mcp,oauth
optionsamurai.com,https://mcp.optionsamurai.com/mcp,oauth
orcasecurity.io,https://mcp.orcasecurity.io/mcp,oauth
orderful.com,https://mcp.orderful.com/mcp,oauth
ordergroove.com,https://mcp.ordergroove.com/mcp,oauth
osome.com,https://mcp.osome.com/mcp,oauth
otter.ai,https://mcp.otter.ai/mcp,oauth
pacvue.com,https://mcp.pacvue.com/mcp,oauth
pagerduty.com,https://mcp.pagerduty.com/mcp,oauth
pai.com,https://mcp.pai.com/mcp,oauth
papermark.com,https://mcp.papermark.com/mcp,oauth
paragraph.com,https://mcp.paragraph.com/mcp,oauth
parqet.com,https://mcp.parqet.com/mcp,oauth
particl.com,https://mcp.particl.com/mcp,oauth
partnerstack.com,https://mcp.partnerstack.com/mcp,oauth
passcreator.com,https://mcp.passcreator.com/mcp,oauth
patitasco.com,https://mcp.patitasco.com/mcp,oauth
patreondev.com,https://mcp.patreondev.com/mcp,oauth
payhelm.com,https://mcp.payhelm.com/mcp,oauth
paynext.com,https://mcp.paynext.com/mcp,oauth
paypal.com,https://mcp.paypal.com/mcp,oauth
paytrail.com,https://mcp.paytrail.com/mcp,oauth
pc-builds.com,https://mcp.pc-builds.com/mcp,oauth
pcrecruiter.net,https://mcp.pcrecruiter.net/mcp,oauth
pdf.net,https://mcp.pdf.net/mcp,oauth
pearldiver.io,https://mcp.pearldiver.io/mcp,oauth
pegaenablement.com,https://mcp.pegaenablement.com/mcp,oauth
pentest-tools.com,https://mcp.pentest-tools.com/mcp,oauth
people.ai,https://mcp.people.ai/mcp,oauth
permassist.com.au,https://mcp.permassist.com.au/mcp,oauth
personaclick.com,https://mcp.personaclick.com/mcp,oauth
pfizerstatic.io,https://mcp.pfizerstatic.io/mcp,oauth
photoroom.com,https://mcp.photoroom.com/mcp,oauth
pickfu.com,https://mcp.pickfu.com/mcp,oauth
picnichealth.com,https://mcp.picnichealth.com/mcp,oauth
pin.com,https://mcp.pin.com/mcp,oauth
pitchbook.com,https://mcp.pitchbook.com/mcp,oauth
pixa.com,https://mcp.pixa.com/mcp,oauth
pixelbin.io,https://mcp.pixelbin.io/mcp,oauth
pixelcut.ai,https://mcp.pixelcut.ai/mcp,oauth
plain.com,https://mcp.plain.com/mcp,oauth
planable.io,https://mcp.planable.io/mcp,oauth
planningcenteronline.com,https://mcp.planningcenteronline.com/mcp,oauth
platinumaps.jp,https://mcp.platinumaps.jp/mcp,oauth
plaud.ai,https://mcp.plaud.ai/mcp,oauth
playbookux.com,https://mcp.playbookux.com/mcp,oauth
playrix.com,https://mcp.playrix.com/mcp,oauth
pleo.io,https://mcp.pleo.io/mcp,oauth
plotline.so,https://mcp.plotline.so/mcp,oauth
plusai.com,https://mcp.plusai.com/,oauth
pocketsmith.com,https://mcp.pocketsmith.com/mcp,oauth
podio.com,https://mcp.podio.com/mcp,oauth
podpage.com,https://mcp.podpage.com/mcp,oauth
politico.com,https://mcp.politico.com/mcp,oauth
pomerium.app,https://mcp.pomerium.app/mcp,oauth
poper.ai,https://mcp.poper.ai/mcp,oauth
popl.co,https://mcp.popl.co/mcp,oauth
portermetrics.com,https://mcp.portermetrics.com/mcp,oauth
posthog.com,https://mcp.posthog.com/mcp,oauth
postman.com,https://mcp.postman.com/mcp,oauth
postmypost.io,https://mcp.postmypost.io/mcp,oauth
powtoon.com,https://mcp.powtoon.com/mcp,oauth
prbe.ai,https://mcp.prbe.ai/mcp,oauth
predicthq.com,https://mcp.predicthq.com/mcp,oauth
predictiveindex.com,https://mcp.predictiveindex.com/mcp,oauth
prepr.io,https://mcp.prepr.io/mcp,oauth
prescriberpoint.com,https://mcp.prescriberpoint.com/mcp,oauth
pressable.com,https://mcp.pressable.com/mcp,oauth
pricehubble.com,https://mcp.pricehubble.com/mcp,oauth
pricelabs.co,https://mcp.pricelabs.co/mcp,oauth
prisma.io,https://mcp.prisma.io/mcp,oauth
prismatic.io,https://mcp.prismatic.io/mcp,oauth
prismic.io,https://mcp.prismic.io/mcp,oauth
process.st,https://mcp.process.st/mcp,oauth
prodboard.com,https://mcp.prodboard.com/mcp,oauth
productboard.com,https://mcp.productboard.com/mcp,oauth
productive.io,https://mcp.productive.io/mcp,oauth
proforto.nl,https://mcp.proforto.nl/mcp,oauth
projectcor.com,https://mcp.projectcor.com/mcp,oauth
projuris.com.br,https://mcp.projuris.com.br/mcp,oauth
prompt.security,https://mcp.prompt.security/mcp,oauth
propbar.co.uk,https://mcp.propbar.co.uk/mcp,oauth
proposify.com,https://mcp.proposify.com/mcp,oauth
psoriasis.org,https://mcp.psoriasis.org/mcp,oauth
public.com,https://mcp.public.com/mcp,oauth
pubmatic.com,https://mcp.pubmatic.com/mcp,oauth
pushowl.com,https://mcp.pushowl.com/mcp,oauth
qargo.com,https://mcp.qargo.com/mcp,oauth
qasalesloft.com,https://mcp.qasalesloft.com/mcp,oauth
qonto.com,https://mcp.qonto.com/mcp,oauth
qonversion.io,https://mcp.qonversion.io/mcp,oauth
qovery.com,https://mcp.qovery.com/mcp,oauth
quartr.com,https://mcp.quartr.com/mcp,oauth
quickbutik.com,https://mcp.quickbutik.com/mcp,oauth
quickhunt.app,https://mcp.quickhunt.app/mcp,oauth
quicknode.com,https://mcp.quicknode.com/mcp,oauth
quo.com,https://mcp.quo.com/mcp,oauth
raambekledingnederland.nl,https://mcp.raambekledingnederland.nl/mcp,oauth
rach.io,https://mcp.rach.io/mcp,oauth
railmonsters.com,https://mcp.railmonsters.com/mcp,oauth
raisely.com,https://mcp.raisely.com/mcp,oauth
rall.io,https://mcp.rall.io/mcp,oauth
rallydev.com,https://mcp.rallydev.com/mcp,oauth
rallyuxr.com,https://mcp.rallyuxr.com/mcp,oauth
ramp.com,https://mcp.ramp.com/mcp,oauth
realbird.com,https://mcp.realbird.com/mcp,oauth
realize.com,https://mcp.realize.com/mcp,oauth
rebike.com,https://mcp.rebike.com/mcp,oauth
receipt-bank.com,https://mcp.receipt-bank.com/mcp,oauth
recordedfuture.com,https://mcp.recordedfuture.com/mcp,oauth
recraft.ai,https://mcp.recraft.ai/mcp,oauth
recurly.com,https://mcp.recurly.com/mcp,oauth
rees46.kz,https://mcp.rees46.kz/mcp,oauth
rees46.ru,https://mcp.rees46.ru/mcp,oauth
reevo.ai,https://mcp.reevo.ai/mcp,oauth
referralcandy.com,https://mcp.referralcandy.com/mcp,oauth
relay.app,https://mcp.relay.app/mcp,oauth
relayto.com,https://mcp.relayto.com/mcp,oauth
releasenotes.io,https://mcp.releasenotes.io/mcp,oauth
remote-sandbox.com,https://mcp.remote-sandbox.com/mcp,oauth
remote.com,https://mcp.remote.com/mcp,oauth
rentman.net,https://mcp.rentman.net/mcp,oauth
reo.dev,https://mcp.reo.dev/mcp,oauth
rephonic.com,https://mcp.rephonic.com/mcp,oauth
replicate.com,https://mcp.replicate.com/mcp,oauth
resourceguruapp.com,https://mcp.resourceguruapp.com/mcp,oauth
respan.ai,https://mcp.respan.ai/mcp,oauth
retool.com,https://mcp.retool.com/mcp,oauth
revenuecat.ai,https://mcp.revenuecat.ai/mcp,oauth
reversinglabs.com,https://mcp.reversinglabs.com/mcp,oauth
revisiondojo.com,https://mcp.revisiondojo.com/mcp,oauth
revsure.cloud,https://mcp.revsure.cloud/mcp,oauth
richpanel.com,https://mcp.richpanel.com/mcp,oauth
rise.ai,https://mcp.rise.ai/mcp,oauth
riverside.com,https://mcp.riverside.com/mcp,oauth
rize.io,https://mcp.rize.io/mcp,oauth
roamresearch.com,https://mcp.roamresearch.com/mcp,oauth
rocketlane.com,https://mcp.rocketlane.com/mcp,oauth
rohlik.cz,https://mcp.rohlik.cz/mcp,oauth
roic.ai,https://mcp.roic.ai/mcp,oauth
rootly.com,https://mcp.rootly.com/mcp,oauth
rowzero.com,https://mcp.rowzero.com/mcp,oauth
rudderstack.com,https://mcp.rudderstack.com/mcp,oauth
runalyze.com,https://mcp.runalyze.com/mcp,oauth
s-cloud.fi,https://mcp.s-cloud.fi/mcp,oauth
sabre.com,https://mcp.sabre.com/mcp,oauth
sacra.com,https://mcp.sacra.com/mcp,oauth
safeheron.vip,https://mcp.safeheron.vip/mcp,oauth
safetyculture.com,https://mcp.safetyculture.com/mcp,oauth
salary.com,https://mcp.salary.com/mcp,oauth
salesflare.com,https://mcp.salesflare.com/mcp,oauth
saleshandy.com,https://mcp.saleshandy.com/mcp,oauth
saleslayer.com,https://mcp.saleslayer.com/mcp,oauth
salesloft.com,https://mcp.salesloft.com/mcp,oauth
salesmanago.com,https://mcp.salesmanago.com/mcp,oauth
salla.dev,https://mcp.salla.dev/mcp,oauth
sam-app.ro,https://mcp.sam-app.ro/mcp,oauth
samsara.com,https://mcp.samsara.com/mcp,oauth
sanity.work,https://mcp.sanity.work/mcp,oauth
sapient.tools,https://mcp.sapient.tools/mcp,oauth
sariea.com,https://mcp.sariea.com/mcp,oauth
sarvam.ai,https://mcp.sarvam.ai/mcp,oauth
sayari.com,https://mcp.sayari.com/mcp,oauth
scaleflex.com,https://mcp.scaleflex.com/mcp,oauth
scalr.io,https://mcp.scalr.io/mcp,oauth
scenario.com,https://mcp.scenario.com/mcp,oauth
schemaapp.com,https://mcp.schemaapp.com/mcp,oauth
schwedentor.de,https://mcp.schwedentor.de/mcp,oauth
scienceofpeople.com,https://mcp.scienceofpeople.com/mcp,oauth
scientist.com,https://mcp.scientist.com/mcp,oauth
scoro.com,https://mcp.scoro.com/mcp,oauth
scrapfly.io,https://mcp.scrapfly.io/mcp,oauth
scribe.com,https://mcp.scribe.com/mcp,oauth
searchatlas.com,https://mcp.searchatlas.com/mcp,oauth
searchinfluence.com,https://mcp.searchinfluence.com/mcp,oauth
searchunify.com,https://mcp.searchunify.com/mcp,oauth
seerinteractive.com,https://mcp.seerinteractive.com/mcp,oauth
segmentstream.com,https://mcp.segmentstream.com/mcp,oauth
selectika.com,https://mcp.selectika.com/mcp,oauth
sellerapp.com,https://mcp.sellerapp.com/mcp,oauth
sellerassistant.app,https://mcp.sellerassistant.app/mcp,oauth
semaphoreci.com,https://mcp.semaphoreci.com/mcp,oauth
sendsquared.com,https://mcp.sendsquared.com/mcp,oauth
sent.dm,https://mcp.sent.dm/mcp,oauth
sentry.dev,https://mcp.sentry.dev/mcp,oauth
seon.io,https://mcp.seon.io/mcp,oauth
seqera.io,https://mcp.seqera.io/mcp,oauth
sequoiacap.com,https://mcp.sequoiacap.com/mcp,oauth
serpstat.com,https://mcp.serpstat.com/mcp,oauth
sesametime.com,https://mcp.sesametime.com/mcp,oauth
sessionboard.com,https://mcp.sessionboard.com/mcp,oauth
sevalla.com,https://mcp.sevalla.com/mcp,oauth
seven.io,https://mcp.seven.io/mcp,oauth
sevengables.com,https://mcp.sevengables.com/mcp,oauth
sezamo.ro,https://mcp.sezamo.ro/mcp,oauth
sfranalytics.com,https://mcp.sfranalytics.com/mcp,oauth
shade.inc,https://mcp.shade.inc/mcp,oauth
shakcorp.com,https://mcp.shakcorp.com/mcp,oauth
shakebugs.com,https://mcp.shakebugs.com/mcp,oauth
shell.com,https://mcp.shell.com/mcp,oauth
shiftcare.com,https://mcp.shiftcare.com/mcp,oauth
shoott.com,https://mcp.shoott.com/mcp,oauth
shortcut.com,https://mcp.shortcut.com/mcp,oauth
siena.cx,https://mcp.siena.cx/mcp,oauth
sif.com,https://mcp.sif.com/mcp,oauth
sigma.software,https://mcp.sigma.software/mcp,oauth
sign.plus,https://mcp.sign.plus/mcp,oauth
signal-ai.com,https://mcp.signal-ai.com/mcp,oauth
silabs.com,https://mcp.silabs.com/mcp,oauth
silpo.ua,https://mcp.silpo.ua/mcp,oauth
silverrushstyle.com,https://mcp.silverrushstyle.com/mcp,oauth
similarweb.com,https://mcp.similarweb.com/mcp,oauth
simplero.com,https://mcp.simplero.com/mcp,oauth
simplycodes.com,https://mcp.simplycodes.com/mcp,oauth
sjtu.edu.cn,https://mcp.sjtu.edu.cn/mcp,oauth
skillpanel.com,https://mcp.skillpanel.com/mcp,oauth
slack-dev.com,https://mcp.slack-dev.com/mcp,oauth
slack.com,https://mcp.slack.com/mcp,oauth
slashpage.com,https://mcp.slashpage.com/,oauth
slateteams.com,https://mcp.slateteams.com/mcp,oauth
sleekplan.com,https://mcp.sleekplan.com/mcp,oauth
sleephq.com,https://mcp.sleephq.com/mcp,oauth
sli.ke,https://mcp.sli.ke/mcp,oauth
slidespeak.co,https://mcp.slidespeak.co/mcp,oauth
sliplane.app,https://mcp.sliplane.app/mcp,oauth
slipstreammusic.com,https://mcp.slipstreammusic.com/mcp,oauth
smartthings.com,https://mcp.smartthings.com/mcp,oauth
smartvel.com,https://mcp.smartvel.com/mcp,oauth
snaptrade.com,https://mcp.snaptrade.com/mcp,oauth
socialinsider.io,https://mcp.socialinsider.io/mcp,oauth
sofiapulse.com,https://mcp.sofiapulse.com/mcp,oauth
softr.io,https://mcp.softr.io/mcp,oauth
solve360.com,https://mcp.solve360.com/mcp,oauth
sosovalue.com,https://mcp.sosovalue.com/mcp,oauth
spacefrontiers.org,https://mcp.spacefrontiers.org/mcp,oauth
sparktoro.com,https://mcp.sparktoro.com/mcp,oauth
speakapp.com,https://mcp.speakapp.com/mcp,oauth
spekit.co,https://mcp.spekit.co/mcp,oauth
spinach.ai,https://mcp.spinach.ai/mcp,oauth
spinify.com,https://mcp.spinify.com/mcp,oauth
splice.com,https://mcp.splice.com/mcp,oauth
spot.ai,https://mcp.spot.ai/mcp,oauth
spotai.co,https://mcp.spotai.co/mcp,oauth
sprig.com,https://mcp.sprig.com/mcp,oauth
springverify.com,https://mcp.springverify.com/mcp,oauth
sproutsocial.com,https://mcp.sproutsocial.com/mcp,oauth
sqprod.co,https://mcp.sqprod.co/mcp,oauth
squareup.com,https://mcp.squareup.com/mcp,oauth
stan.store,https://mcp.stan.store/mcp,oauth
starkbros.com,https://mcp.starkbros.com/mcp,oauth
statlas.io,https://mcp.statlas.io/mcp,oauth
stears.co,https://mcp.stears.co/mcp,oauth
stepnetwork.dk,https://mcp.stepnetwork.dk/mcp,oauth
storage.dev,https://mcp.storage.dev/mcp,oauth
storefeeder.com,https://mcp.storefeeder.com/mcp,oauth
storydoc.com,https://mcp.storydoc.com/mcp,oauth
strobes.co,https://mcp.strobes.co/mcp,oauth
structured.app,https://mcp.structured.app/mcp,oauth
studiobinder.com,https://mcp.studiobinder.com/mcp,oauth
subframe.com,https://mcp.subframe.com/mcp,oauth
summ.com,https://mcp.summ.com/mcp,oauth
sumologic.com,https://mcp.sumologic.com/mcp,oauth
sumup.com,https://mcp.sumup.com/mcp,oauth
suncoastsciences.com,https://mcp.suncoastsciences.com/mcp,oauth
supabase.com,https://mcp.supabase.com/mcp,oauth
supademo.com,https://mcp.supademo.com/mcp,oauth
supercool.com,https://mcp.supercool.com/mcp,oauth
supermemory.ai,https://mcp.supermemory.ai/mcp,oauth
supermetrics.com,https://mcp.supermetrics.com/mcp,oauth
supernova.io,https://mcp.supernova.io/mcp,oauth
suzuri.jp,https://mcp.suzuri.jp/mcp,oauth
swatio.app,https://mcp.swatio.app/mcp,oauth
swiggy.com,https://mcp.swiggy.com/mcp,oauth
sybill.ai,https://mcp.sybill.ai/mcp,oauth
synapse.org,https://mcp.synapse.org/mcp,oauth
sync.so,https://mcp.sync.so/mcp,oauth
synup.com,https://mcp.synup.com/mcp,oauth
taikai.network,https://mcp.taikai.network/mcp,oauth
takeprofit.com,https://mcp.takeprofit.com/mcp,oauth
tamarind.bio,https://mcp.tamarind.bio/mcp,oauth
tavily.com,https://mcp.tavily.com/mcp,oauth
tax1099.com,https://mcp.tax1099.com/mcp,oauth
taxgpt.com,https://mcp.taxgpt.com/mcp,oauth
taxrise.com,https://mcp.taxrise.com/mcp,oauth
taxxo.pl,https://mcp.taxxo.pl/mcp,oauth
tcgfactory.com,https://mcp.tcgfactory.com/mcp,oauth
tealhq.com,https://mcp.tealhq.com/mcp,oauth
teamretro.com,https://mcp.teamretro.com/mcp,oauth
techstars.com,https://mcp.techstars.com/mcp,oauth
tenderly.co,https://mcp.tenderly.co/mcp,oauth
tevello.com,https://mcp.tevello.com/mcp,oauth
text.com,https://mcp.text.com/mcp,oauth
textexpander.com,https://mcp.textexpander.com/mcp,oauth
thetappingsolution.com,https://mcp.thetappingsolution.com/mcp,oauth
thetawave.ai,https://mcp.thetawave.ai/mcp,oauth
thinksurance.de,https://mcp.thinksurance.de/mcp,oauth
thriveglobal.com,https://mcp.thriveglobal.com/mcp,oauth
tigerofsweden.com,https://mcp.tigerofsweden.com/mcp,oauth
timecamp.com,https://mcp.timecamp.com/mcp,oauth
timechimp.com,https://mcp.timechimp.com/mcp,oauth
timemint.co,https://mcp.timemint.co/mcp,oauth
tip4serv.com,https://mcp.tip4serv.com/mcp,oauth
tipranks.com,https://mcp.tipranks.com/mcp,oauth
tiro.ooo,https://mcp.tiro.ooo/mcp,oauth
tldv.io,https://mcp.tldv.io/mcp,oauth
tokenterminal.com,https://mcp.tokenterminal.com/mcp,oauth
trackingplan.com,https://mcp.trackingplan.com/mcp,oauth
tracklution.com,https://mcp.tracklution.com/mcp,oauth
tradetron.tech,https://mcp.tradetron.tech/mcp,oauth
transkriptor.com,https://mcp.transkriptor.com/mcp,oauth
travanto.de,https://mcp.travanto.de/mcp,oauth
travel-code.com,https://mcp.travel-code.com/mcp,oauth
travelnest.com,https://mcp.travelnest.com/mcp,oauth
treffas.com,https://mcp.treffas.com/mcp,oauth
tribecrm.nl,https://mcp.tribecrm.nl/mcp,oauth
tribute.tg,https://mcp.tribute.tg/mcp,oauth
trint.com,https://mcp.trint.com/mcp,oauth
truckstop.com,https://mcp.truckstop.com/mcp,oauth
trueprofit.io,https://mcp.trueprofit.io/mcp,oauth
trunk.io,https://mcp.trunk.io/mcp,oauth
tryprofound.com,https://mcp.tryprofound.com/mcp,oauth
tryretool.com,https://mcp.tryretool.com/mcp,oauth
turkishtechlab.com,https://mcp.turkishtechlab.com/mcp,oauth
turquoise.health,https://mcp.turquoise.health/mcp,oauth
tweakwise.com,https://mcp.tweakwise.com/mcp,oauth
twelveapp.sh,https://mcp.twelveapp.sh/mcp,oauth
twenty.com,https://mcp.twenty.com/mcp,oauth
unlockd.me,https://mcp.unlockd.me/mcp,oauth
untappd.com,https://mcp.untappd.com/mcp,oauth
unusualwhales.com,https://mcp.unusualwhales.com/mcp,oauth
up-sider.com,https://mcp.up-sider.com/mcp,oauth
upstox.com,https://mcp.upstox.com/mcp,oauth
upsun.com,https://mcp.upsun.com/mcp,oauth
uptime.com,https://mcp.uptime.com/mcp,oauth
upx.com,https://mcp.upx.com/mcp,oauth
usenash.com,https://mcp.usenash.com/mcp,oauth
userback.io,https://mcp.userback.io/mcp,oauth
userguiding.com,https://mcp.userguiding.com/mcp,oauth
ustwo.com,https://mcp.ustwo.com/mcp,oauth
vacationtracker.io,https://mcp.vacationtracker.io/mcp,oauth
vanillacommunity.com,https://mcp.vanillacommunity.com/mcp,oauth
vanta.com,https://mcp.vanta.com/mcp,oauth
vantage.sh,https://mcp.vantage.sh/mcp,oauth
vapi.ai,https://mcp.vapi.ai/mcp,oauth
vbout.com,https://mcp.vbout.com/mcp,oauth
vector.co,https://mcp.vector.co/mcp,oauth
vendon.net,https://mcp.vendon.net/mcp,oauth
veoapi.net,https://mcp.veoapi.net/mcp,oauth
vetster.com,https://mcp.vetster.com/mcp,oauth
vidapp.com,https://mcp.vidapp.com/mcp,oauth
vidiq.com,https://mcp.vidiq.com/mcp,oauth
village.ai,https://mcp.village.ai/mcp,oauth
vimeo.com,https://mcp.vimeo.com/mcp,oauth
viomba.com,https://mcp.viomba.com/mcp,oauth
vipapi.org,https://mcp.vipapi.org/mcp,oauth
visitiq.io,https://mcp.visitiq.io/mcp,oauth
visor.vin,https://mcp.visor.vin/mcp,oauth
vitally-eu.io,https://mcp.vitally-eu.io/mcp,oauth
vitally.io,https://mcp.vitally.io/mcp,oauth
voiceflow.com,https://mcp.voiceflow.com/mcp,oauth
voicemonkey.io,https://mcp.voicemonkey.io/mcp,oauth
voxpopme.com,https://mcp.voxpopme.com/mcp,oauth
vwo.io,https://mcp.vwo.io/mcp,oauth
vyg.app,https://mcp.vyg.app/mcp,oauth
vyrian.com,https://mcp.vyrian.com/mcp,oauth
wappalyzer.com,https://mcp.wappalyzer.com/mcp,oauth
warmlyyours.com,https://mcp.warmlyyours.com/mcp,oauth
wati.io,https://mcp.wati.io/mcp,oauth
waybook.com,https://mcp.waybook.com/mcp,oauth
we-wealth.com,https://mcp.we-wealth.com/mcp,oauth
weatherwise.app,https://mcp.weatherwise.app/mcp,oauth
web.de,https://mcp.web.de/mcp,oauth
web2wave.com,https://mcp.web2wave.com/mcp,oauth
webflow.com,https://mcp.webflow.com/mcp,oauth
weblisters.com,https://mcp.weblisters.com/mcp,oauth
webucator.com,https://mcp.webucator.com/mcp,oauth
welcometrack.io,https://mcp.welcometrack.io/mcp,oauth
whaller.com,https://mcp.whaller.com/mcp,oauth
whimsical.com,https://mcp.whimsical.com/mcp,oauth
whistic.com,https://mcp.whistic.com/mcp,oauth
whop.com,https://mcp.whop.com/mcp,oauth
wikifarmer.com,https://mcp.wikifarmer.com/mcp,oauth
withallo.com,https://mcp.withallo.com/mcp,oauth
withlanai.com,https://mcp.withlanai.com/mcp,oauth
wix.com,https://mcp.wix.com/mcp,oauth
wiza.co,https://mcp.wiza.co/mcp,oauth
woowup.com,https://mcp.woowup.com/mcp,oauth
workable.com,https://mcp.workable.com/mcp,oauth
workbooks.com,https://mcp.workbooks.com/mcp,oauth
workiom.com,https://mcp.workiom.com/mcp,oauth
workmagic.io,https://mcp.workmagic.io/mcp,oauth
workos.review,https://mcp.workos.review/mcp,oauth
workpath.com,https://mcp.workpath.com/mcp,oauth
writesonic.com,https://mcp.writesonic.com/mcp,oauth
xenia.team,https://mcp.xenia.team/mcp,oauth
xurrent.com,https://mcp.xurrent.com/mcp,oauth
xurrent.qa,https://mcp.xurrent.qa/mcp,oauth
yarooms.com,https://mcp.yarooms.com/mcp,oauth
yep.com,https://mcp.yep.com/mcp,oauth
yinzcam.com,https://mcp.yinzcam.com/mcp,oauth
yipit.systems,https://mcp.yipit.systems/mcp,oauth
yonderhq.com,https://mcp.yonderhq.com/mcp,oauth
youtrack.cloud,https://mcp.youtrack.cloud/mcp,oauth
zac.ai,https://mcp.zac.ai/mcp,oauth
zapsign.com.br,https://mcp.zapsign.com.br/mcp,oauth
zenrows.com,https://mcp.zenrows.com/mcp,oauth
zepto.co.in,https://mcp.zepto.co.in/mcp,oauth
zernio.com,https://mcp.zernio.com/mcp,oauth
zeroheight.com,https://mcp.zeroheight.com/mcp,oauth
zillow.com,https://mcp.zillow.com/mcp,oauth
zillow.net,https://mcp.zillow.net/mcp,oauth
zionweb.com.br,https://mcp.zionweb.com.br/mcp,oauth
zipnova.com.ar,https://mcp.zipnova.com.ar/mcp,oauth
zite.com,https://mcp.zite.com/mcp,oauth
zoominfo.com,https://mcp.zoominfo.com/mcp,oauth
zoviz.com,https://mcp.zoviz.com/mcp,oauth
